filename,has_epb
ARA_O6_ARA_20250913_225318_1280.png,1
ARA_O6_ARA_20250913_225857_1280.png,1
ARA_O6_ARA_20250913_230437_1280.png,1
ARA_O6_ARA_20250913_231016_1280.png,1
ARA_O6_ARA_20250913_231555_1280.png,1
ARA_O6_ARA_20250913_232136_1280.png,1
ARA_O6_ARA_20250913_232715_1280.png,1
ARA_O6_ARA_20250913_233255_1280.png,1
ARA_O6_ARA_20250913_233835_1280.png,1
ARA_O6_ARA_20250914_013716_1280.png,1
ARA_O6_ARA_20250914_014257_1280.png,1
ARA_O6_ARA_20250914_014836_1280.png,1
ARA_O6_ARA_20250914_015414_1280.png,1
ARA_O6_ARA_20250914_015954_1280.png,1
ARA_O6_ARA_20250914_020532_1280.png,1
ARA_O6_ARA_20250914_021110_1280.png,1
ARA_O6_ARA_20250914_021651_1280.png,1
ARA_O6_ARA_20250914_022230_1280.png,1
ARA_O6_ARA_20250914_022810_1280.png,1
CA_O6_CA_20251022_212651_1280.png,1
CA_O6_CA_20251022_213105_1280.png,1
CA_O6_CA_20251022_213519_1280.png,1
CA_O6_CA_20251022_213933_1280.png,1
CA_O6_CA_20251022_214347_1280.png,1
CA_O6_CA_20251022_214801_1280.png,1
CA_O6_CA_20251022_215214_1280.png,1
CA_O6_CA_20251022_215628_1280.png,1
CA_O6_CA_20251022_220042_1280.png,1
CA_O6_CA_20251022_220456_1280.png,1
CA_O6_CA_20251022_220910_1280.png,1
CA_O6_CA_20251022_221324_1280.png,1
CA_O6_CA_20251022_221737_1280.png,1
CA_O6_CA_20251022_222151_1280.png,1
CA_O6_CA_20251022_222605_1280.png,1
CA_O6_CA_20251022_223019_1280.png,1
CA_O6_CA_20251022_223433_1280.png,1
CA_O6_CA_20251022_223847_1280.png,1
CA_O6_CA_20251022_224300_1280.png,1
CA_O6_CA_20251022_224714_1280.png,1
CA_O6_CA_20251022_225128_1280.png,1
CA_O6_CA_20251022_225542_1280.png,1
CA_O6_CA_20251022_225956_1280.png,1
CA_O6_CA_20251022_230410_1280.png,1
CA_O6_CA_20251022_230824_1280.png,1
CA_O6_CA_20251022_231237_1280.png,1
CA_O6_CA_20251022_231651_1280.png,1
CA_O6_CA_20251022_232105_1280.png,1
CA_O6_CA_20251022_232519_1280.png,1
CA_O6_CA_20251022_232933_1280.png,1
CA_O6_CA_20251022_233347_1280.png,1
CA_O6_CA_20251022_233800_1280.png,1
CA_O6_CA_20251022_234214_1280.png,1
CA_O6_CA_20251022_234628_1280.png,1
CA_O6_CA_20251022_235042_1280.png,1
CA_O6_CA_20251022_235456_1280.png,1
CA_O6_CA_20251022_235925_1280.png,1
CA_O6_CA_20251023_000338_1280.png,1
CA_O6_CA_20251023_000752_1280.png,1
CA_O6_CA_20251023_001206_1280.png,1
CA_O6_CA_20251023_001620_1280.png,1
CA_O6_CA_20251023_002034_1280.png,1
CA_O6_CA_20251023_002448_1280.png,1
CA_O6_CA_20251023_002902_1280.png,1
CA_O6_CA_20251023_003315_1280.png,1
CA_O6_CA_20251023_003729_1280.png,1
CA_O6_CA_20251023_004143_1280.png,1
CA_O6_CA_20251023_005141_1280.png,1
CA_O6_CA_20251023_005555_1280.png,1
CA_O6_CA_20251023_010009_1280.png,1
CA_O6_CA_20251023_010423_1280.png,1
CA_O6_CA_20251023_010837_1280.png,1
CA_O6_CA_20251023_011251_1280.png,1
CA_O6_CA_20251023_011704_1280.png,1
CA_O6_CA_20251023_012118_1280.png,1
CA_O6_CA_20251023_012532_1280.png,1
CA_O6_CA_20251023_012946_1280.png,1
CA_O6_CA_20251023_013400_1280.png,1
CA_O6_CA_20251023_013814_1280.png,1
CA_O6_CA_20251023_014229_1280.png,1
CA_O6_CA_20251023_014643_1280.png,1
CA_O6_CA_20251023_015057_1280.png,1
CA_O6_CA_20251023_015511_1280.png,1
CA_O6_CA_20251023_015925_1280.png,1
CA_O6_CA_20251023_020339_1280.png,1
CA_O6_CA_20251023_020753_1280.png,1
CA_O6_CA_20251023_021206_1280.png,1
CA_O6_CA_20251023_021620_1280.png,1
CA_O6_CA_20251023_022036_1280.png,1
CA_O6_CA_20251023_022450_1280.png,1
CA_O6_CA_20251023_022904_1280.png,1
CA_O6_CA_20251023_023318_1280.png,1
CA_O6_CA_20251023_023731_1280.png,1
CA_O6_CA_20251023_024145_1280.png,1
CA_O6_CA_20251023_024559_1280.png,1
CA_O6_CA_20251023_025013_1280.png,1
CA_O6_CA_20251023_025427_1280.png,1
CA_O6_CA_20251023_025841_1280.png,1
CA_O6_CA_20251023_030254_1280.png,1
CA_O6_CA_20251023_030708_1280.png,1
CA_O6_CA_20251023_031122_1280.png,1
CA_O6_CA_20251023_031536_1280.png,1
CA_O6_CA_20251023_031950_1280.png,1
CA_O6_CA_20251023_032404_1280.png,1
CA_O6_CA_20251023_032817_1280.png,1
CA_O6_CA_20251023_033231_1280.png,1
CA_O6_CA_20251023_033645_1280.png,1
CA_O6_CA_20251023_034059_1280.png,1
CA_O6_CA_20251023_034513_1280.png,1
CA_O6_CA_20251023_034927_1280.png,1
CA_O6_CA_20251023_035340_1280.png,1
CA_O6_CA_20251023_035754_1280.png,1
CA_O6_CA_20251023_040208_1280.png,1
CA_O6_CA_20251023_040622_1280.png,1
CA_O6_CA_20251023_041036_1280.png,1
CA_O6_CA_20251023_041450_1280.png,1
CA_O6_CA_20251023_041905_1280.png,1
CA_O6_CA_20251023_042319_1280.png,1
CA_O6_CA_20251023_042733_1280.png,1
CA_O6_CA_20251023_043147_1280.png,1
CA_O6_CA_20251023_043601_1280.png,1
CA_O6_CA_20251023_044015_1280.png,1
CA_O6_CA_20251023_044428_1280.png,1
CA_O6_CA_20251023_044842_1280.png,1
CA_O6_CA_20251023_045256_1280.png,1
CA_O6_CA_20251023_045710_1280.png,1
CP_O6_CP_20240209_000754_1280.png,1
CP_O6_CP_20240209_001208_1280.png,1
CP_O6_CP_20240209_001622_1280.png,1
CP_O6_CP_20240209_002036_1280.png,1
CP_O6_CP_20240209_002451_1280.png,1
CP_O6_CP_20240209_002905_1280.png,1
CP_O6_CP_20240209_003319_1280.png,1
CP_O6_CP_20240209_003733_1280.png,1
CP_O6_CP_20240209_004147_1280.png,1
CP_O6_CP_20240209_004601_1280.png,1
CP_O6_CP_20240209_005015_1280.png,1
CP_O6_CP_20240209_005429_1280.png,1
CP_O6_CP_20240209_005843_1280.png,1
CP_O6_CP_20240209_010257_1280.png,1
CP_O6_CP_20240209_010711_1280.png,1
CP_O6_CP_20240209_011125_1280.png,1
CP_O6_CP_20240209_011539_1280.png,1
CP_O6_CP_20240209_011953_1280.png,1
CP_O6_CP_20240209_012407_1280.png,1
CP_O6_CP_20240209_012821_1280.png,1
CP_O6_CP_20240209_013235_1280.png,1
CP_O6_CP_20240209_013649_1280.png,1
CP_O6_CP_20240209_014103_1280.png,1
CP_O6_CP_20240209_014517_1280.png,1
CP_O6_CP_20240209_014931_1280.png,1
CP_O6_CP_20240209_015345_1280.png,1
CP_O6_CP_20240209_015759_1280.png,1
CP_O6_CP_20240209_020214_1280.png,1
CP_O6_CP_20240209_020628_1280.png,1
CP_O6_CP_20240209_021042_1280.png,1
CP_O6_CP_20240209_021456_1280.png,1
CP_O6_CP_20240209_021910_1280.png,1
CP_O6_CP_20240209_022324_1280.png,1
CP_O6_CP_20240209_022738_1280.png,1
CP_O6_CP_20240209_023152_1280.png,1
CP_O6_CP_20240209_023606_1280.png,1
CP_O6_CP_20240209_024020_1280.png,1
CP_O6_CP_20240209_024434_1280.png,1
CP_O6_CP_20240209_024848_1280.png,1
CP_O6_CP_20240209_025302_1280.png,1
CP_O6_CP_20240209_025716_1280.png,1
CP_O6_CP_20240209_030130_1280.png,1
CP_O6_CP_20240209_030544_1280.png,1
CP_O6_CP_20240209_030958_1280.png,1
CP_O6_CP_20240209_031412_1280.png,1
CP_O6_CP_20240209_031826_1280.png,1
CP_O6_CP_20240209_032240_1280.png,1
CP_O6_CP_20240209_032655_1280.png,1
CP_O6_CP_20240209_033109_1280.png,1
CP_O6_CP_20240209_033523_1280.png,1
CP_O6_CP_20240209_044722_1280.png,1
CP_O6_CP_20240209_045136_1280.png,1
CP_O6_CP_20240209_045550_1280.png,1
CP_O6_CP_20240209_050004_1280.png,1
CP_O6_CP_20240209_050418_1280.png,1
CP_O6_CP_20240209_050832_1280.png,1
CP_O6_CP_20240209_051246_1280.png,1
CP_O6_CP_20240209_051700_1280.png,1
CP_O6_CP_20240209_052114_1280.png,1
CP_O6_CP_20240209_052528_1280.png,1
CP_O6_CP_20240209_052942_1280.png,1
CP_O6_CP_20240209_053356_1280.png,1
CP_O6_CP_20240209_053810_1280.png,1
CP_O6_CP_20240209_054224_1280.png,1
CP_O6_CP_20240209_054638_1280.png,1
CP_O6_CP_20240209_055053_1280.png,1
CP_O6_CP_20240209_055507_1280.png,1
CP_O6_CP_20240209_055921_1280.png,1
CP_O6_CP_20240209_060335_1280.png,1
CP_O6_CP_20240209_060749_1280.png,1
CP_O6_CP_20240209_061203_1280.png,1
CP_O6_CP_20240209_061617_1280.png,1
CP_O6_CP_20240209_062031_1280.png,1
CP_O6_CP_20240815_053247_1280.png,1
CP_O6_CP_20240815_053701_1280.png,1
CP_O6_CP_20240815_054115_1280.png,1
CP_O6_CP_20240815_054529_1280.png,1
CP_O6_CP_20240815_054943_1280.png,1
CP_O6_CP_20240815_055357_1280.png,1
CP_O6_CP_20240815_055811_1280.png,1
CP_O6_CP_20240815_060226_1280.png,1
CP_O6_CP_20240815_060640_1280.png,1
CP_O6_CP_20240815_061054_1280.png,1
CP_O6_CP_20240815_061508_1280.png,1
CP_O6_CP_20240815_061922_1280.png,1
CP_O6_CP_20240815_062336_1280.png,1
CP_O6_CP_20240815_062750_1280.png,1
CP_O6_CP_20240815_063204_1280.png,1
CP_O6_CP_20240815_063618_1280.png,1
CP_O6_CP_20240815_064032_1280.png,1
CP_O6_CP_20240815_064446_1280.png,1
CP_O6_CP_20240815_064900_1280.png,1
CP_O6_CP_20240815_065314_1280.png,1
CP_O6_CP_20240815_065728_1280.png,1
CP_O6_CP_20240815_070143_1280.png,1
CP_O6_CP_20240815_070557_1280.png,1
CP_O6_CP_20240815_071011_1280.png,1
CP_O6_CP_20240815_071425_1280.png,1
CP_O6_CP_20240815_071839_1280.png,1
CP_O6_CP_20240815_072253_1280.png,1
CP_O6_CP_20240815_072707_1280.png,1
CP_O6_CP_20240815_073121_1280.png,1
CP_O6_CP_20240815_073535_1280.png,1
CP_O6_CP_20240815_073949_1280.png,1
CP_O6_CP_20240815_074403_1280.png,1
CP_O6_CP_20240815_074817_1280.png,1
CP_O6_CP_20240815_075232_1280.png,1
CP_O6_CP_20240815_075646_1280.png,1
CP_O6_CP_20240815_080100_1280.png,1
CP_O6_CP_20240815_080514_1280.png,1
CP_O6_CP_20240815_080928_1280.png,1
CP_O6_CP_20240815_081342_1280.png,1
CP_O6_CP_20240815_081756_1280.png,1
CP_O6_CP_20240815_082210_1280.png,1
CP_O6_CP_20240815_082624_1280.png,1
CP_O6_CP_20240829_233654_1280.png,1
CP_O6_CP_20240829_234108_1280.png,1
CP_O6_CP_20240829_234522_1280.png,1
CP_O6_CP_20240829_234936_1280.png,1
CP_O6_CP_20240829_235350_1280.png,1
CP_O6_CP_20240829_235804_1280.png,1
CP_O6_CP_20240830_000218_1280.png,1
CP_O6_CP_20240830_000632_1280.png,1
CP_O6_CP_20240830_001047_1280.png,1
CP_O6_CP_20240830_001501_1280.png,1
CP_O6_CP_20240830_001915_1280.png,1
CP_O6_CP_20240830_002329_1280.png,1
CP_O6_CP_20240830_002743_1280.png,1
CP_O6_CP_20240830_003157_1280.png,1
CP_O6_CP_20240830_003611_1280.png,1
CP_O6_CP_20240830_004025_1280.png,1
CP_O6_CP_20240830_004439_1280.png,1
CP_O6_CP_20240830_004853_1280.png,1
CP_O6_CP_20240830_005307_1280.png,1
CP_O6_CP_20240830_005721_1280.png,1
CP_O6_CP_20240830_010135_1280.png,1
CP_O6_CP_20240830_010549_1280.png,1
CP_O6_CP_20240830_011003_1280.png,1
CP_O6_CP_20240830_011417_1280.png,1
CP_O6_CP_20240830_011832_1280.png,1
CP_O6_CP_20240830_012246_1280.png,1
CP_O6_CP_20240830_012700_1280.png,1
CP_O6_CP_20240830_013114_1280.png,1
CP_O6_CP_20240904_235520_1280.png,1
CP_O6_CP_20240904_235934_1280.png,1
CP_O6_CP_20240905_000348_1280.png,1
CP_O6_CP_20240905_000802_1280.png,1
CP_O6_CP_20240905_001216_1280.png,1
CP_O6_CP_20240905_001630_1280.png,1
CP_O6_CP_20240905_002045_1280.png,1
CP_O6_CP_20240905_002459_1280.png,1
CP_O6_CP_20240905_002913_1280.png,1
CP_O6_CP_20240905_003327_1280.png,1
CP_O6_CP_20240905_003741_1280.png,1
CP_O6_CP_20240905_004155_1280.png,1
CP_O6_CP_20240905_004609_1280.png,1
CP_O6_CP_20240905_005023_1280.png,1
CP_O6_CP_20240905_005437_1280.png,1
CP_O6_CP_20240905_005851_1280.png,1
CP_O6_CP_20240905_010305_1280.png,1
CP_O6_CP_20240905_010719_1280.png,1
CP_O6_CP_20240905_011135_1280.png,1
CP_O6_CP_20240905_011549_1280.png,1
CP_O6_CP_20240905_012004_1280.png,1
CP_O6_CP_20240905_012418_1280.png,1
CP_O6_CP_20240905_012832_1280.png,1
CP_O6_CP_20240905_013246_1280.png,1
CP_O6_CP_20240905_013701_1280.png,1
CP_O6_CP_20240905_014115_1280.png,1
CP_O6_CP_20240905_014529_1280.png,1
CP_O6_CP_20240905_014944_1280.png,1
CP_O6_CP_20240905_015358_1280.png,1
CP_O6_CP_20240905_015812_1280.png,1
CP_O6_CP_20240905_020226_1280.png,1
CP_O6_CP_20240905_020640_1280.png,1
CP_O6_CP_20240905_021055_1280.png,1
CP_O6_CP_20240905_021509_1280.png,1
STR_O6_STR_20231112_010535_1280.png,1
STR_O6_STR_20231112_010950_1280.png,1
STR_O6_STR_20231112_011404_1280.png,1
STR_O6_STR_20231112_011818_1280.png,1
STR_O6_STR_20231112_012232_1280.png,1
STR_O6_STR_20231112_012646_1280.png,1
STR_O6_STR_20231112_013101_1280.png,1
STR_O6_STR_20231112_013515_1280.png,1
STR_O6_STR_20231112_013929_1280.png,1
STR_O6_STR_20231112_014343_1280.png,1
STR_O6_STR_20231112_014757_1280.png,1
STR_O6_STR_20231112_015212_1280.png,1
STR_O6_STR_20231112_015626_1280.png,1
STR_O6_STR_20231112_020040_1280.png,1
STR_O6_STR_20231112_020454_1280.png,1
STR_O6_STR_20231112_020908_1280.png,1
STR_O6_STR_20231112_021323_1280.png,1
STR_O6_STR_20231112_021737_1280.png,1
STR_O6_STR_20231112_022151_1280.png,1
STR_O6_STR_20231112_022605_1280.png,1
STR_O6_STR_20231112_023019_1280.png,1
STR_O6_STR_20231112_023434_1280.png,1
STR_O6_STR_20231112_023848_1280.png,1
STR_O6_STR_20231112_024302_1280.png,1
STR_O6_STR_20231112_024716_1280.png,1
STR_O6_STR_20231112_025130_1280.png,1
STR_O6_STR_20231112_025545_1280.png,1
STR_O6_STR_20231112_025959_1280.png,1
STR_O6_STR_20231112_030413_1280.png,1
STR_O6_STR_20231112_030827_1280.png,1
STR_O6_STR_20231112_031241_1280.png,1
STR_O6_STR_20231112_031656_1280.png,1
STR_O6_STR_20231112_032110_1280.png,1
STR_O6_STR_20231112_032524_1280.png,1
STR_O6_STR_20231112_032938_1280.png,1
STR_O6_STR_20231112_033352_1280.png,1
STR_O6_STR_20231112_033806_1280.png,1
STR_O6_STR_20231112_034221_1280.png,1
STR_O6_STR_20231112_034635_1280.png,1
STR_O6_STR_20231112_035049_1280.png,1
STR_O6_STR_20231112_035503_1280.png,1
STR_O6_STR_20231112_035917_1280.png,1
STR_O6_STR_20231112_040332_1280.png,1
STR_O6_STR_20231112_040746_1280.png,1
STR_O6_STR_20231112_041200_1280.png,1
STR_O6_STR_20231112_041614_1280.png,1
STR_O6_STR_20231112_042028_1280.png,1
STR_O6_STR_20231112_042443_1280.png,1
STR_O6_STR_20231112_042857_1280.png,1
STR_O6_STR_20231112_043311_1280.png,1
STR_O6_STR_20231112_043740_1280.png,1
STR_O6_STR_20231112_044155_1280.png,1
STR_O6_STR_20231112_044609_1280.png,1
STR_O6_STR_20231112_045023_1280.png,1
STR_O6_STR_20231112_045437_1280.png,1
STR_O6_STR_20231112_045851_1280.png,1
STR_O6_STR_20231112_050323_1280.png,1
STR_O6_STR_20231112_050738_1280.png,1
STR_O6_STR_20231112_051152_1280.png,1
STR_O6_STR_20231112_051606_1280.png,1
STR_O6_STR_20231112_052020_1280.png,1
STR_O6_STR_20231112_052435_1280.png,1
STR_O6_STR_20231112_052849_1280.png,1
STR_O6_STR_20231112_053303_1280.png,1
STR_O6_STR_20231112_053717_1280.png,1
STR_O6_STR_20231112_054131_1280.png,1
STR_O6_STR_20231112_054546_1280.png,1
STR_O6_STR_20231112_055000_1280.png,1
STR_O6_STR_20231112_055414_1280.png,1
STR_O6_STR_20231112_055828_1280.png,1
STR_O6_STR_20231112_060242_1280.png,1
STR_O6_STR_20231112_060656_1280.png,1
STR_O6_STR_20231112_061111_1280.png,1
STR_O6_STR_20231112_061525_1280.png,1
STR_O6_STR_20231112_061939_1280.png,1
STR_O6_STR_20231112_062353_1280.png,1
STR_O6_STR_20231112_062808_1280.png,1
STR_O6_STR_20231112_063222_1280.png,1
STR_O6_STR_20231112_063636_1280.png,1
STR_O6_STR_20231112_064050_1280.png,1
STR_O6_STR_20231112_064504_1280.png,1
STR_O6_STR_20231112_064919_1280.png,1
STR_O6_STR_20231112_065333_1280.png,1
STR_O6_STR_20231112_065747_1280.png,1
STR_O6_STR_20231112_070201_1280.png,1
STR_O6_STR_20231112_070615_1280.png,1
STR_O6_STR_20231112_071030_1280.png,1
STR_O6_STR_20231112_071444_1280.png,1
STR_O6_STR_20231112_071858_1280.png,1
STR_O6_STR_20231112_072312_1280.png,1
STR_O6_STR_20231112_072726_1280.png,1
STR_O6_STR_20231112_073141_1280.png,1
STR_O6_STR_20231112_073555_1280.png,1
STR_O6_STR_20231112_074009_1280.png,1
STR_O6_STR_20231112_074423_1280.png,1
STR_O6_STR_20231112_074837_1280.png,1
STR_O6_STR_20231112_075252_1280.png,1
STR_O6_STR_20231112_075706_1280.png,1
STR_O6_STR_20231112_080120_1280.png,1
STR_O6_STR_20231112_080534_1280.png,1
STR_O6_STR_20231112_080948_1280.png,1
STR_O6_STR_20231112_081402_1280.png,1
STR_O6_STR_20231112_081817_1280.png,1
STR_O6_STR_20231113_032125_1280.png,1
STR_O6_STR_20231113_032539_1280.png,1
STR_O6_STR_20231113_032953_1280.png,1
STR_O6_STR_20231113_033407_1280.png,1
STR_O6_STR_20231113_033822_1280.png,1
STR_O6_STR_20231113_034236_1280.png,1
STR_O6_STR_20231113_034650_1280.png,1
STR_O6_STR_20231113_035104_1280.png,1
STR_O6_STR_20231113_035518_1280.png,1
STR_O6_STR_20231113_035933_1280.png,1
STR_O6_STR_20231113_040347_1280.png,1
STR_O6_STR_20231113_040801_1280.png,1
STR_O6_STR_20231113_041215_1280.png,1
STR_O6_STR_20231113_041629_1280.png,1
STR_O6_STR_20231113_042043_1280.png,1
STR_O6_STR_20231113_042458_1280.png,1
STR_O6_STR_20231113_042912_1280.png,1
STR_O6_STR_20231113_043326_1280.png,1
STR_O6_STR_20231113_043740_1280.png,1
STR_O6_STR_20231113_044154_1280.png,1
STR_O6_STR_20231113_044608_1280.png,1
STR_O6_STR_20231113_045023_1280.png,1
STR_O6_STR_20231113_045437_1280.png,1
STR_O6_STR_20231113_045851_1280.png,1
STR_O6_STR_20231113_050305_1280.png,1
STR_O6_STR_20231113_050719_1280.png,1
STR_O6_STR_20231113_051133_1280.png,1
STR_O6_STR_20231113_051548_1280.png,1
STR_O6_STR_20231113_052002_1280.png,1
STR_O6_STR_20231113_052416_1280.png,1
STR_O6_STR_20231113_052830_1280.png,1
STR_O6_STR_20231113_053244_1280.png,1
STR_O6_STR_20231113_053658_1280.png,1
STR_O6_STR_20231113_054112_1280.png,1
STR_O6_STR_20231113_054527_1280.png,1
STR_O6_STR_20231113_054941_1280.png,1
STR_O6_STR_20231113_055355_1280.png,1
STR_O6_STR_20231113_055809_1280.png,1
STR_O6_STR_20231113_060223_1280.png,1
STR_O6_STR_20231113_060637_1280.png,1
STR_O6_STR_20231113_061051_1280.png,1
STR_O6_STR_20231113_061506_1280.png,1
STR_O6_STR_20231113_061920_1280.png,1
STR_O6_STR_20231113_062334_1280.png,1
STR_O6_STR_20231113_062748_1280.png,1
BJL_O6_BJL_20250722_215252_1280.png,0
BJL_O6_BJL_20250722_215630_1280.png,0
BJL_O6_BJL_20250722_215821_1280.png,0
BJL_O6_BJL_20250722_220200_1280.png,0
BJL_O6_BJL_20250722_220350_1280.png,0
BJL_O6_BJL_20250722_220729_1280.png,0
BJL_O6_BJL_20250722_220920_1280.png,0
BJL_O6_BJL_20250722_221258_1280.png,0
BJL_O6_BJL_20250722_221449_1280.png,0
BJL_O6_BJL_20250722_221827_1280.png,0
BJL_O6_BJL_20250722_222018_1280.png,0
BJL_O6_BJL_20250722_222356_1280.png,0
BJL_O6_BJL_20250722_222547_1280.png,0
BJL_O6_BJL_20250722_222926_1280.png,0
BJL_O6_BJL_20250722_223116_1280.png,0
BJL_O6_BJL_20250722_223455_1280.png,0
BJL_O6_BJL_20250722_223646_1280.png,0
BJL_O6_BJL_20250722_224024_1280.png,0
BJL_O6_BJL_20250722_224215_1280.png,0
BJL_O6_BJL_20250722_224553_1280.png,0
BJL_O6_BJL_20250722_224744_1280.png,0
BJL_O6_BJL_20250722_225123_1280.png,0
BJL_O6_BJL_20250722_225313_1280.png,0
BJL_O6_BJL_20250722_225652_1280.png,0
BJL_O6_BJL_20250722_225842_1280.png,0
BJL_O6_BJL_20250722_230221_1280.png,0
BJL_O6_BJL_20250722_230412_1280.png,0
BJL_O6_BJL_20250722_230750_1280.png,0
BJL_O6_BJL_20250722_230941_1280.png,0
BJL_O6_BJL_20250722_231319_1280.png,0
BJL_O6_BJL_20250722_231510_1280.png,0
BJL_O6_BJL_20250722_231848_1280.png,0
BJL_O6_BJL_20250722_232039_1280.png,0
BJL_O6_BJL_20250722_232418_1280.png,0
BJL_O6_BJL_20250722_232608_1280.png,0
BJL_O6_BJL_20250722_232947_1280.png,0
BJL_O6_BJL_20250722_233138_1280.png,0
BJL_O6_BJL_20250722_233516_1280.png,0
BJL_O6_BJL_20250722_233707_1280.png,0
BJL_O6_BJL_20250722_234045_1280.png,0
BJL_O6_BJL_20250722_234236_1280.png,0
BJL_O6_BJL_20250722_234614_1280.png,0
BJL_O6_BJL_20250722_234805_1280.png,0
BJL_O6_BJL_20250722_235144_1280.png,0
BJL_O6_BJL_20250722_235334_1280.png,0
BJL_O6_BJL_20250722_235713_1280.png,0
BJL_O6_BJL_20250722_235904_1280.png,0
BJL_O6_BJL_20250723_000242_1280.png,0
BJL_O6_BJL_20250723_000433_1280.png,0
BJL_O6_BJL_20250723_000811_1280.png,0
BJL_O6_BJL_20250723_001002_1280.png,0
BJL_O6_BJL_20250723_001340_1280.png,0
BJL_O6_BJL_20250723_001531_1280.png,0
BJL_O6_BJL_20250723_001910_1280.png,0
BJL_O6_BJL_20250723_002100_1280.png,0
BJL_O6_BJL_20250723_002439_1280.png,0
BJL_O6_BJL_20250723_002630_1280.png,0
BJL_O6_BJL_20250723_003008_1280.png,0
BJL_O6_BJL_20250723_003159_1280.png,0
BJL_O6_BJL_20250723_003537_1280.png,0
BJL_O6_BJL_20250723_003728_1280.png,0
BJL_O6_BJL_20250723_004106_1280.png,0
BJL_O6_BJL_20250723_004257_1280.png,0
BJL_O6_BJL_20250723_004636_1280.png,0
BJL_O6_BJL_20250723_004826_1280.png,0
BJL_O6_BJL_20250723_005205_1280.png,0
BJL_O6_BJL_20250723_005355_1280.png,0
BJL_O6_BJL_20250723_005734_1280.png,0
BJL_O6_BJL_20250723_005925_1280.png,0
BJL_O6_BJL_20250723_010303_1280.png,0
BJL_O6_BJL_20250723_010454_1280.png,0
BJL_O6_BJL_20250723_010832_1280.png,0
BJL_O6_BJL_20250723_011023_1280.png,0
BJL_O6_BJL_20250723_011402_1280.png,0
BJL_O6_BJL_20250723_011552_1280.png,0
BJL_O6_BJL_20250723_011931_1280.png,0
BJL_O6_BJL_20250723_012122_1280.png,0
BJL_O6_BJL_20250723_012500_1280.png,0
BJL_O6_BJL_20250723_012651_1280.png,0
BJL_O6_BJL_20250723_013029_1280.png,0
BJL_O6_BJL_20250723_013220_1280.png,0
BJL_O6_BJL_20250723_013558_1280.png,0
BJL_O6_BJL_20250723_013749_1280.png,0
BJL_O6_BJL_20250723_014128_1280.png,0
BJL_O6_BJL_20250723_014318_1280.png,0
BJL_O6_BJL_20250723_014657_1280.png,0
BJL_O6_BJL_20250723_014847_1280.png,0
BJL_O6_BJL_20250723_015226_1280.png,0
BJL_O6_BJL_20250723_015417_1280.png,0
BJL_O6_BJL_20250723_015755_1280.png,0
BJL_O6_BJL_20250723_015946_1280.png,0
BJL_O6_BJL_20250723_020324_1280.png,0
BJL_O6_BJL_20250723_020515_1280.png,0
BJL_O6_BJL_20250723_020854_1280.png,0
BJL_O6_BJL_20250723_021044_1280.png,0
BJL_O6_BJL_20250723_021423_1280.png,0
BJL_O6_BJL_20250723_021614_1280.png,0
BJL_O6_BJL_20250723_021952_1280.png,0
BJL_O6_BJL_20250723_022143_1280.png,0
BJL_O6_BJL_20250723_022521_1280.png,0
BJL_O6_BJL_20250723_022712_1280.png,0
BJL_O6_BJL_20250723_023050_1280.png,0
BJL_O6_BJL_20250723_023241_1280.png,0
BJL_O6_BJL_20250723_023620_1280.png,0
BJL_O6_BJL_20250723_023810_1280.png,0
BJL_O6_BJL_20250723_024149_1280.png,0
BJL_O6_BJL_20250723_024339_1280.png,0
BJL_O6_BJL_20250723_024718_1280.png,0
BJL_O6_BJL_20250723_024909_1280.png,0
BJL_O6_BJL_20250723_025247_1280.png,0
BJL_O6_BJL_20250723_025438_1280.png,0
BJL_O6_BJL_20250723_025816_1280.png,0
BJL_O6_BJL_20250723_030007_1280.png,0
BJL_O6_BJL_20250723_030346_1280.png,0
BJL_O6_BJL_20250723_030536_1280.png,0
BJL_O6_BJL_20250723_030915_1280.png,0
BJL_O6_BJL_20250723_031105_1280.png,0
BJL_O6_BJL_20250723_031444_1280.png,0
BJL_O6_BJL_20250723_031635_1280.png,0
BJL_O6_BJL_20250723_032013_1280.png,0
BJL_O6_BJL_20250723_032204_1280.png,0
BJL_O6_BJL_20250723_032542_1280.png,0
BJL_O6_BJL_20250723_032733_1280.png,0
BJL_O6_BJL_20250723_033112_1280.png,0
BJL_O6_BJL_20250723_033302_1280.png,0
BJL_O6_BJL_20250723_033641_1280.png,0
BJL_O6_BJL_20250723_033831_1280.png,0
BJL_O6_BJL_20250723_034210_1280.png,0
BJL_O6_BJL_20250723_034401_1280.png,0
BJL_O6_BJL_20250723_034739_1280.png,0
BJL_O6_BJL_20250723_034930_1280.png,0
BJL_O6_BJL_20250723_035308_1280.png,0
BJL_O6_BJL_20250723_035459_1280.png,0
BJL_O6_BJL_20250723_035838_1280.png,0
BJL_O6_BJL_20250723_040028_1280.png,0
BJL_O6_BJL_20250723_040407_1280.png,0
BJL_O6_BJL_20250723_040557_1280.png,0
BJL_O6_BJL_20250723_040936_1280.png,0
BJL_O6_BJL_20250723_041127_1280.png,0
BJL_O6_BJL_20250723_041505_1280.png,0
BJL_O6_BJL_20250723_041656_1280.png,0
BJL_O6_BJL_20250723_042034_1280.png,0
BJL_O6_BJL_20250723_042225_1280.png,0
BJL_O6_BJL_20250723_042604_1280.png,0
BJL_O6_BJL_20250723_042754_1280.png,0
BJL_O6_BJL_20250723_043133_1280.png,0
BJL_O6_BJL_20250723_043323_1280.png,0
BJL_O6_BJL_20250723_043702_1280.png,0
BJL_O6_BJL_20250723_043853_1280.png,0
BJL_O6_BJL_20250723_044231_1280.png,0
BJL_O6_BJL_20250723_044422_1280.png,0
BJL_O6_BJL_20250723_044800_1280.png,0
BJL_O6_BJL_20250723_044951_1280.png,0
BJL_O6_BJL_20250723_045330_1280.png,0
BJL_O6_BJL_20250723_045520_1280.png,0
BJL_O6_BJL_20250723_045859_1280.png,0
BJL_O6_BJL_20250723_050049_1280.png,0
BJL_O6_BJL_20250723_050428_1280.png,0
BJL_O6_BJL_20250723_050619_1280.png,0
BJL_O6_BJL_20250723_050957_1280.png,0
BJL_O6_BJL_20250723_051148_1280.png,0
BJL_O6_BJL_20250723_051526_1280.png,0
BJL_O6_BJL_20250723_051717_1280.png,0
BJL_O6_BJL_20250723_052056_1280.png,0
BJL_O6_BJL_20250723_052246_1280.png,0
BJL_O6_BJL_20250723_052625_1280.png,0
BJL_O6_BJL_20250723_052815_1280.png,0
BJL_O6_BJL_20250723_053154_1280.png,0
BJL_O6_BJL_20250723_053345_1280.png,0
BJL_O6_BJL_20250723_053723_1280.png,0
BJL_O6_BJL_20250723_053914_1280.png,0
BJL_O6_BJL_20250723_054252_1280.png,0
BJL_O6_BJL_20250723_054443_1280.png,0
BJL_O6_BJL_20250723_054821_1280.png,0
BJL_O6_BJL_20250723_055012_1280.png,0
BJL_O6_BJL_20250723_055351_1280.png,0
BJL_O6_BJL_20250723_055541_1280.png,0
BJL_O6_BJL_20250723_055920_1280.png,0
BJL_O6_BJL_20250723_060111_1280.png,0
BJL_O6_BJL_20250723_060449_1280.png,0
BJL_O6_BJL_20250723_060640_1280.png,0
BJL_O6_BJL_20250723_061018_1280.png,0
BJL_O6_BJL_20250723_061209_1280.png,0
BJL_O6_BJL_20250723_061547_1280.png,0
BJL_O6_BJL_20250723_061738_1280.png,0
BJL_O6_BJL_20250723_062117_1280.png,0
BJL_O6_BJL_20250723_062307_1280.png,0
BJL_O6_BJL_20250723_062646_1280.png,0
BJL_O6_BJL_20250723_062836_1280.png,0
BJL_O6_BJL_20250723_063215_1280.png,0
BJL_O6_BJL_20250723_063406_1280.png,0
BJL_O6_BJL_20250723_063744_1280.png,0
BJL_O6_BJL_20250723_063935_1280.png,0
BJL_O6_BJL_20250723_064313_1280.png,0
BJL_O6_BJL_20250723_064504_1280.png,0
BJL_O6_BJL_20250723_064842_1280.png,0
BJL_O6_BJL_20250723_065033_1280.png,0
BJL_O6_BJL_20250723_065412_1280.png,0
BJL_O6_BJL_20250723_065602_1280.png,0
BJL_O6_BJL_20250723_065941_1280.png,0
BJL_O6_BJL_20250723_070132_1280.png,0
BJL_O6_BJL_20250723_070510_1280.png,0
BJL_O6_BJL_20250723_070701_1280.png,0
BJL_O6_BJL_20250723_071039_1280.png,0
BJL_O6_BJL_20250723_071230_1280.png,0
BJL_O6_BJL_20250723_071608_1280.png,0
BJL_O6_BJL_20250723_071759_1280.png,0
BJL_O6_BJL_20250723_072137_1280.png,0
BJL_O6_BJL_20250723_072328_1280.png,0
BJL_O6_BJL_20250723_072707_1280.png,0
BJL_O6_BJL_20250723_072857_1280.png,0
BJL_O6_BJL_20250723_073236_1280.png,0
BJL_O6_BJL_20250723_073426_1280.png,0
BJL_O6_BJL_20250723_073805_1280.png,0
BJL_O6_BJL_20250723_073956_1280.png,0
BJL_O6_BJL_20250723_074334_1280.png,0
BJL_O6_BJL_20250723_074525_1280.png,0
BJL_O6_BJL_20250723_074903_1280.png,0
BJL_O6_BJL_20250723_075054_1280.png,0
BJL_O6_BJL_20250723_075432_1280.png,0
BJL_O6_BJL_20250723_075623_1280.png,0
BJL_O6_BJL_20250723_080002_1280.png,0
BJL_O6_BJL_20250723_080152_1280.png,0
BJL_O6_BJL_20250723_080531_1280.png,0
BJL_O6_BJL_20250723_080721_1280.png,0
BJL_O6_BJL_20250723_081100_1280.png,0
BJL_O6_BJL_20250723_081250_1280.png,0
BJL_O6_BJL_20250723_081629_1280.png,0
BJL_O6_BJL_20250723_081820_1280.png,0
BJL_O6_BJL_20250723_082158_1280.png,0
BJL_O6_BJL_20250723_082349_1280.png,0
